id,conversation_id,created_at,date,time,timezone,user_id,username,name,place,tweet,language,mentions,urls,photos,replies_count,retweets_count,likes_count,hashtags,cashtags,link,retweet,quote_url,video,thumbnail,near,geo,source,user_rt_id,user_rt,retweet_id,reply_to,retweet_date,translate,trans_src,trans_dest
1317591886593478659,1317591886593478659,2020-10-17 18:22:40 Eastern Daylight Time,2020-10-17,18:22:40,-0400,179245596,davidlimbaugh,David Limbaugh,,"President Trump has got to be prepared to knock the climate change hoax topic out of the park. I canâ€™t believe these people get away with making this a topic. Green New Deal is INSANITY, plus even if we comply with every Kyoto mandate we wonâ€™t appreciably change global temp.",en,[],[],[],38,386,1381,[],[],https://twitter.com/DavidLimbaugh/status/1317591886593478659,,,0,,,,,,,,"{'user_id': None, 'username': None}",,,,
1313706789645418496,1313706789645418496,2020-10-07 01:04:40 Eastern Daylight Time,2020-10-07,01:04:40,-0400,757703840669904896,iminhisbook,He is Limitless âœï¸,,Earth to AOC. Trump is doing well. Helping businesses &amp; citizens affected by the C-19 panic is important. But printing money to fund a climate change hoax has zero to do with the present crisis. So off to your mental vacuum &amp; let POTUS do the heavy lifting  https://t.co/qr2ClVj5Jc,en,[],['https://www.breitbart.com/clips/2020/10/06/ocasio-cortez-we-shouldnt-make-large-political-decisions-with-potus-in-a-perilous-medical-state/'],[],49,252,292,[],[],https://twitter.com/IminHisbook/status/1313706789645418496,,,0,,,,,,,,"{'user_id': None, 'username': None}",,,,
1306074575369887744,1306074575369887744,2020-09-15 23:36:59 Eastern Daylight Time,2020-09-15,23:36:59,-0400,272064857,vanessacvenus,VanessaNY-MAGAGIRL!!ğŸ‡ºğŸ‡¸,,"ğŸ§ğŸ§ğŸ§ğŸ§ Wonder how that happens (sarcasm ğŸ˜‰) ğŸ¤¨ğŸ˜’ #ClimateArsonist #ClimateChangeHoax I hope there is a hefty price to pay, these  radical left climate change brainwashed mental cases for this unbelievable destruction. #Trump2020ToSaveOurCountry #LiberalismIsAMentalDisorder  https://t.co/tasGEeGCQ6",en,[],[],['https://pbs.twimg.com/media/EiAb51sWkAEreBt.jpg'],13,267,191,"['climatearsonist', 'climatechangehoax', 'trump2020tosaveourcountry', 'liberalismisamentaldisorder']",[],https://twitter.com/vanessacvenus/status/1306074575369887744,,,1,https://pbs.twimg.com/media/EiAb51sWkAEreBt.jpg,,,,,,,"{'user_id': None, 'username': None}",,,,
1305904537950130177,1305904537950130177,2020-09-15 12:21:19 Eastern Daylight Time,2020-09-15,12:21:19,-0400,922895694519767041,hollywilhelm4,ğŸ‡ºğŸ‡¸Pissed Off NationğŸ‡ºğŸ‡¸,,The communist platform #JoeBiden and his fellow comrades are tweeting about  #GunControl #ClimateChangeHoax #USPSHoax #RussiaHoax  #Scamdemic This is their winning strategy....,en,[],[],[],11,185,146,"['joebiden', 'guncontrol', 'climatechangehoax', 'uspshoax', 'russiahoax', 'scamdemic']",[],https://twitter.com/HollyWilhelm4/status/1305904537950130177,,,0,,,,,,,,"{'user_id': None, 'username': None}",,,,
1305895147197038598,1305895147197038598,2020-09-15 11:44:00 Eastern Daylight Time,2020-09-15,11:44:00,-0400,810943316,destiny3650,"ğŸŒ»ğŸ©ºDestiny, RN, BSNğŸ©ºğŸŒ»",,When all else fails...Democrats switched to the â€œClimate Changeâ€ hoax!ğŸ¤¦â€â™€ï¸  Democrats have been crying about â€œClimate Changeâ€ hoax for 30 years now...you would think by now the earth would have disintegrated!,en,[],[],[],95,731,1148,[],[],https://twitter.com/Destiny3650/status/1305895147197038598,,,0,,,,,,,,"{'user_id': None, 'username': None}",,,,
1278424574594633734,1278424574594633734,2020-07-01 16:25:45 Eastern Daylight Time,2020-07-01,16:25:45,-0400,893316758987128833,trinityresists,Trinity,,Climate changeâ€”hoax Inaugural/crowdsâ€”hoax Approval/reelection Pollsâ€”hoax Russian Interference/collusionâ€”hoax Mueller Reportâ€”hoax Ukraine Quid pro quoâ€”hoax Impeachmentâ€”hoax COVIDâ€”Dem hoax Putinâ€™s bountyâ€™s on US soldiersâ€”hoax  Trumpâ€™s tweeted â€œhoaxâ€ &gt;600 times  Whoâ€™s the real hoax?,en,[],[],[],119,1588,3111,[],[],https://twitter.com/TrinityResists/status/1278424574594633734,,,0,,,,,,,,"{'user_id': None, 'username': None}",,,,
1259114488512438275,1259114488512438275,2020-05-09 09:34:21 Eastern Daylight Time,2020-05-09,09:34:21,-0400,95370094,solehsolihun,SOLEH SOLIHUN,,"sebetulnya, dgn keyakinan jrx pada teori konspirasi belakangan ini (apalagi dia bilang percaya climate change = hoax), bisa mengurangi kredibilitasnya sebagai salah satu tokoh perjuangan bali tolak reklamasi.",in,[],[],[],99,732,1441,[],[],https://twitter.com/solehsolihun/status/1259114488512438275,,,0,,,,,,,,"{'user_id': None, 'username': None}",,,,
1233607173755699201,1233607173755699201,2020-02-28 23:17:24 Eastern Standard Time,2020-02-28,23:17:24,-0400,388212188,adjunctdespot,C. Edward Bayless â˜˜ï¸ @AdjunctDespot,,* Stormy Daniels. Hoax! * Muslim ban. Hoax! * 23 woman accuse him of sexual assault. Hoax! * Friends with Jeffrey Epstein. Hoax! * Climate Change. Hoax! * Emolument Clause violations. Hoax! * Mueller report. Hoax! * Impeachment. Hoax! * Coronavirus. Hoax!,en,[],[],[],420,2505,5162,[],[],https://twitter.com/AdjunctDespot/status/1233607173755699201,,,0,,,,,,,,"{'user_id': None, 'username': None}",,,,
1231914460467478528,1231914460467478528,2020-02-24 07:11:09 Eastern Standard Time,2020-02-24,07:11:09,-0400,492833134,mikandynothem,Michael NÃ¶them,,The most powerful governments on earth can't keep a virus from spreading...yet they say they can change the Earth's temperature if you pay more taxes. Go figure... #ClimateChangeHoax #MAGA #FoxNews #MondayMotivation #MondayMorning #mondaythoughts #MondayMood  https://t.co/9bfnySD3I4,en,[],[],['https://pbs.twimg.com/media/ERijrBpUEAEEMl6.jpg'],44,690,783,"['climatechangehoax', 'maga', 'foxnews', 'mondaymotivation', 'mondaymorning', 'mondaythoughts', 'mondaymood']",[],https://twitter.com/mikandynothem/status/1231914460467478528,,,1,https://pbs.twimg.com/media/ERijrBpUEAEEMl6.jpg,,,,,,,"{'user_id': None, 'username': None}",,,,
1231372665283170304,1231372665283170304,2020-02-22 19:18:15 Eastern Standard Time,2020-02-22,19:18:15,-0400,2408008634,keirasavage00,Keira Savage,,"2gb listener to Alan Jones: Bring on the blackouts. The sooner the more the better. The inconvenience will be worth it, if only to ram home the stupidity of the renewables/climate change hoax and the blowing up of perfectly good coal fired power stations.  https://t.co/BoH0R6gMSc",en,[],[],[],68,328,1058,[],[],https://twitter.com/KeiraSavage00/status/1231372665283170304,,,1,https://pbs.twimg.com/ext_tw_video_thumb/1166662315103539201/pu/img/ShwJbdjmSQ_QtYyT.jpg,,,,,,,"{'user_id': None, 'username': None}",,,,
1226729147361300480,1226729147361300480,2020-02-09 23:46:34 Eastern Standard Time,2020-02-09,23:46:34,-0400,92804452,bilderberg_gp,Peter Jeffries #IsleofWight,,Brexiteers...if you were unsure about the Climate change hoax before...this might give you a more definite view of what's going on. It's money Top Scientist Resigns: â€˜Global Warming is a $Trillions Scam â€” It has Corrupted Many Scientistsâ€™ - Humans Are Free  https://t.co/5Z76yLM4Tg,en,[],['https://humansarefree.com/2016/04/top-scientist-resigns-global-warming-is-a-trillions-scam-it-has-corrupted-many-scientists.html'],[],25,446,533,[],[],https://twitter.com/BILDERBERG_GP/status/1226729147361300480,,,0,,,,,,,,"{'user_id': None, 'username': None}",,,,
1223685659417882625,1223685659417882625,2020-02-01 14:12:50 Eastern Standard Time,2020-02-01,14:12:50,-0400,1225779630,beholdisrael,Amir Tsarfati,,"The climate change hoax has collapsed. A devastating series of research papers by both a Finnish scientist and the Kobe university in Japan has been published, revealing that human activity can account for no more than a .01Â°C rise in global temperatures.",en,[],[],[],144,1170,2464,[],[],https://twitter.com/BeholdIsrael/status/1223685659417882625,,,0,,,,,,,,"{'user_id': None, 'username': None}",,,,
1219679842305822720,1219679842305822720,2020-01-21 12:55:09 Eastern Standard Time,2020-01-21,12:55:09,-0400,49023129,cjtruth,CJTRUTH,,Climate change hoax COLLAPSES as new science finds human activity has virtually zero impact on global temperatures â€“ July 2019  https://t.co/ywTvrhvG5J,en,[],['https://www.naturalnews.com/2019-07-12-climate-change-hoax-collapses-new-science-cloud-cover.html'],[],16,400,533,[],[],https://twitter.com/cjtruth/status/1219679842305822720,,,0,,,,,,,,"{'user_id': None, 'username': None}",,,,
1218813072426577920,1218813072426577920,2020-01-19 03:30:55 Eastern Standard Time,2020-01-19,03:30:55,-0400,348113898,carbongate,Pure Climate Skeptic,,Climate change hoax COLLAPSES as new science finds human activity has virtually zero impact on global temperatures â€“  https://t.co/0bcMII8AGy  https://t.co/zliVSieVla,en,[],"['http://NaturalNews.com', 'https://www.naturalnews.com/2019-07-12-climate-change-hoax-collapses-new-science-cloud-cover.html']",[],14,352,485,[],[],https://twitter.com/Carbongate/status/1218813072426577920,,,0,,,,,,,,"{'user_id': None, 'username': None}",,,,
1218196563983392768,1218196563983392768,2020-01-17 10:41:08 Eastern Standard Time,2020-01-17,10:41:08,-0400,1155688202730008578,nationrises,Nation Rises,,This is a serious threat   #WakeupAmerica  Our school teachers are teaching.our kids about gender fluidity and #ClimateChangeHoax and are incapable of teaching basic maths and science  Encourage your kids and grandkids to pursue math and science careers   https://t.co/mPcdumXag9,en,[],['https://www.breitbart.com/politics/2020/01/16/national-science-board-u-s-is-losing-technology-lead-over-china/'],[],13,271,182,"['wakeupamerica', 'climatechangehoax']",[],https://twitter.com/nationrises/status/1218196563983392768,,,0,,,,,,,,"{'user_id': None, 'username': None}",,,,
1218062862805032961,1218062862805032961,2020-01-17 01:49:51 Eastern Standard Time,2020-01-17,01:49:51,-0400,348113898,carbongate,Pure Climate Skeptic,,Climate change hoax COLLAPSES as new science finds human activity has virtually zero impact on global temperatures â€“  https://t.co/0bcMII8AGy  https://t.co/zliVSieVla,en,[],"['http://NaturalNews.com', 'https://www.naturalnews.com/2019-07-12-climate-change-hoax-collapses-new-science-cloud-cover.html']",[],33,333,455,[],[],https://twitter.com/Carbongate/status/1218062862805032961,,,0,,,,,,,,"{'user_id': None, 'username': None}",,,,
1217422886362865669,1217422886362865669,2020-01-15 07:26:49 Eastern Standard Time,2020-01-15,07:26:49,-0400,922895694519767041,hollywilhelm4,ğŸ‡ºğŸ‡¸Pissed Off NationğŸ‡ºğŸ‡¸,,"They are #ecoterrorists. If you need to start fires, kill and burn multiple species, and damage property to prove climate change is ""real""...  then you need professional help. You are a sociopath!! #ClimateChangeHoax is a form of terrorism.   https://t.co/CTRlB7wuoU",en,[],['https://www.dailymail.co.uk/news/article-7860635/Australian-bushfire-crisis-183-people-arrested-24-charged-starting-fires.html?ito=social-facebook&fbclid=IwAR34cfWMg0zpSDr2pyKv6fqaA9SXtN1eBZoersnH1jZGDlziHCs890gs6vA'],[],48,704,729,"['ecoterrorists', 'climatechangehoax']",[],https://twitter.com/HollyWilhelm4/status/1217422886362865669,,,0,,,,,,,,"{'user_id': None, 'username': None}",,,,
1217290219545944065,1217290219545944065,2020-01-14 22:39:39 Eastern Standard Time,2020-01-14,22:39:39,-0400,454427279,leesaraaum,Leesa Raaum,,"ğŸ‘‰ğŸ¼June 29, 1989ğŸ‘ˆğŸ¼ U.N. environmental official says entire nations could be wiped off the face of the Earth by rising sea levels if the global warming trend is not reversed by the year 2000.  #ClimateChangeHoax  #Trump2020  #DemDebate #DemocraticDebate   https://t.co/aPnxr3ESBL",en,[],['https://apnews.com/bd45c372caf118ec99964ea547880cd0'],[],76,316,294,"['climatechangehoax', 'trump2020', 'demdebate', 'democraticdebate']",[],https://twitter.com/LeesaRaaum/status/1217290219545944065,,,0,,,,,,,,"{'user_id': None, 'username': None}",,,,
1216613716403290113,1216613716403290113,2020-01-13 01:51:28 Eastern Standard Time,2020-01-13,01:51:28,-0400,423610335,leonardroxon,Leonard Roxon,,It's -51 C in some places in Canada Mike!  100% renewable in Canada right now would mean millions of Canadians would freeze to death in a couple of days.  Are you proposing mass genocide of Canadian lives or are you just stupid? #ClimateChangeHoax #ClimateChange #cdnpoli,en,[],[],[],194,692,1623,"['climatechangehoax', 'climatechange', 'cdnpoli']",[],https://twitter.com/LeonardRoxon/status/1216613716403290113,,https://twitter.com/MikeHudema/status/1216206479918796800,0,,,,,,,,"{'user_id': None, 'username': None}",,,,
1215911522355961857,1215911522355961857,2020-01-11 03:21:12 Eastern Standard Time,2020-01-11,03:21:12,-0400,533539522,drcraigemerson,Craig Emerson,,"Hello Craig Kelly, Maurice Newman, Andrew Bolt, Tony Abbott and all the other good olâ€™ boys: Hats off to the global leftist conspiracists for duping the Australian Academy of Science into joining the international climate change hoax ğŸ¤“  https://t.co/ODVLEcvNZ0",en,[],['https://www.smh.com.au/politics/federal/australia-s-top-scientists-urge-government-to-do-more-on-global-warming-20200111-p53qlc.html'],[],33,310,908,[],[],https://twitter.com/DrCraigEmerson/status/1215911522355961857,,,0,,,,,,,,"{'user_id': None, 'username': None}",,,,
1214482759680442368,1214482759680442368,2020-01-07 04:43:48 Eastern Standard Time,2020-01-07,04:43:48,-0400,79745758,billtufts,Bill Tufts - Preserve the Canadian Way of Life,,"Arson arrests toll soars   183 charged. They were doing it to bring attention to the Climate Change Hoax   Tens of Billions $$$ of property, homes and businesses destroyed   Will Canada feel the wrath of  Eco Terrorists next?     https://t.co/Jy6jcRHJ00",en,[],['https://www.theaustralian.com.au/nation/bushfires-firebugs-fuelling-crisis-asarson-arresttollhits183/news-story/52536dc9ca9bb87b7c76d36ed1acf53f'],[],64,314,392,[],[],https://twitter.com/BillTufts/status/1214482759680442368,,,0,,,,,,,,"{'user_id': None, 'username': None}",,,,
1212766699797319681,1212766699797319681,2020-01-02 11:04:48 Eastern Standard Time,2020-01-02,11:04:48,-0400,216327829,gerardbattenuk,Gerard Batten,,"Excuse the bad language but heâ€™s about to have his house burnt down.   It will all be blamed on the man made climate change hoax. People, their lived &amp; property donâ€™t matter in the face of  the ideology.",en,[],[],[],65,571,1101,[],[],https://twitter.com/GerardBattenUK/status/1212766699797319681,,https://twitter.com/HappyHarryMedia/status/1212740948813324288,0,,,,,,,,"{'user_id': None, 'username': None}",,,,
1212746123338797056,1212746123338797056,2020-01-02 09:43:02 Eastern Standard Time,2020-01-02,09:43:02,-0400,1057645927,lesleymillercyp,Lesley Miller,,"... and here we have one of the real reasons for the climate change hoax - self serving greedy barstewards, as usual.   https://t.co/ZhoGfYvkJh",en,[],['https://www.standard.co.uk/news/tony-blair-to-earn-millions-as-climate-change-adviser-6473759.html'],[],73,226,361,[],[],https://twitter.com/LesleyMillercyp/status/1212746123338797056,,,0,,,,,,,,"{'user_id': None, 'username': None}",,,,
1210649121264226306,1210649121264226306,2019-12-27 14:50:17 Eastern Standard Time,2019-12-27,14:50:17,-0400,216327829,gerardbattenuk,Gerard Batten,,Climate change hoax COLLAPSES as new science finds human activity has virtually zero impact on global temperatures â€“  https://t.co/bkLETeg5gz  https://t.co/bq7yqzKA4N,en,[],"['http://NaturalNews.com', 'https://www.naturalnews.com/2019-07-12-climate-change-hoax-collapses-new-science-cloud-cover.html']",[],227,1530,2428,[],[],https://twitter.com/GerardBattenUK/status/1210649121264226306,,,0,,,,,,,,"{'user_id': None, 'username': None}",,,,
1209625548315648000,1209625548315648000,2019-12-24 19:02:59 Eastern Standard Time,2019-12-24,19:02:59,-0400,3817328187,free_energy2016,FreeEnergy,,Dutch physician confirms CO2 has NO effect on #ClimateChange and that politicians do NOT want to admit this. Basically meaning the #ClimateCrisis is in fact a #ClimateChangeHoax and thus a FRAUD. Wake up!  https://t.co/rn0UId0Gjp,en,[],[],[],84,804,971,"['climatechange', 'climatecrisis', 'climatechangehoax']",[],https://twitter.com/free_energy2016/status/1209625548315648000,,,1,https://pbs.twimg.com/ext_tw_video_thumb/1209625439146270721/pu/img/GrXidnInU1QvyKqm.jpg,,,,,,,"{'user_id': None, 'username': None}",,,,
1204829920586862592,1204829920586862592,2019-12-11 13:26:52 Eastern Standard Time,2019-12-11,13:26:52,-0400,1075617792370581504,kirk_925,ğŸ‡ºğŸ‡¸KirkğŸ‡ºğŸ‡¸,,The great George Carlin said it best (about climate hoax): â€œThe planet is fine...the PEOPLE are f**cked!â€ The fact that there are people who actually believe this person should be a role model for our youth proves his point. This is sickening! RT if u agree. #ClimateChangeHoax  https://t.co/t1cjuzC2eY,en,[],[],['https://pbs.twimg.com/media/ELhqbJdWoAA5Oet.jpg'],53,206,172,['climatechangehoax'],[],https://twitter.com/Kirk_925/status/1204829920586862592,,,1,https://pbs.twimg.com/media/ELhqbJdWoAA5Oet.jpg,,,,,,,"{'user_id': None, 'username': None}",,,,
1202285147451609088,1202285147451609088,2019-12-04 12:54:51 Eastern Standard Time,2019-12-04,12:54:51,-0400,44111669,andweknow,And We Know (8:28) ğŸ‡ºğŸ‡¸,,AWK News DEC 4: When do the TRIALS for [DS] #treason begin? Future Proves Past. #Impeachment backfired! Indictment unsealed...Nader +7 charged  Watch:  https://t.co/DmgIoCujus  #followthemoney The Climate Change hoax continues...  @realDonaldTrump #qanon  https://t.co/Z1tCDw3fVO,en,['realdonaldtrump'],['https://youtu.be/YYRCW-1mIMA'],['https://pbs.twimg.com/media/EK9f9vPVAAA75dJ.jpg'],45,361,628,"['treason', 'impeachment', 'followthemoney', 'qanon']",[],https://twitter.com/andweknow/status/1202285147451609088,,,1,https://pbs.twimg.com/media/EK9f9vPVAAA75dJ.jpg,,,,,,,"{'user_id': None, 'username': None}",,,,
1195593583652290560,1195593583652290560,2019-11-16 01:44:58 Eastern Standard Time,2019-11-16,01:44:58,-0400,2659475605,826maureen,â˜˜ï¸Maureen says Gâ€™DayğŸ™‹ğŸ»â€,,"The climate change hoax has collapsed. A devastating series of research papers has just been published, revealing that human activity can account for no more than .01Â°C rise in global temperatures, meaning ....virtually no measurable impact on the planet  https://t.co/6llZ708NHY",en,[],['https://www.naturalnews.com/2019-07-12-climate-change-hoax-collapses-new-science-cloud-cover.html'],[],134,1395,1818,[],[],https://twitter.com/826Maureen/status/1195593583652290560,,,0,,,,,,,,"{'user_id': None, 'username': None}",,,,
1194108808165019649,1194108808165019649,2019-11-11 23:24:59 Eastern Standard Time,2019-11-11,23:24:59,-0400,84219973,gailsline,Lady Roseâ­ï¸Kâ­ï¸ğŸ‡ºğŸ‡¸,,"Sorry Greta, but this is funny  How daaare I?   Simple... one hoax deserves another.  #ClimateChangeHoax  ğŸ˜‚ğŸ˜‚ğŸ˜‚ğŸ˜‚ğŸ˜‚ğŸ˜‚ğŸ˜‚ğŸ˜‚ğŸ˜‚ğŸ˜‚",en,[],[],[],20,238,309,['climatechangehoax'],[],https://twitter.com/gailsline/status/1194108808165019649,,https://twitter.com/CHIZMAGA/status/1183117227534368773,0,,,,,,,,"{'user_id': None, 'username': None}",,,,
1191797412584546304,1191797412584546304,2019-11-05 14:20:20 Eastern Standard Time,2019-11-05,14:20:20,-0400,127941629,grrrgraphics,GrrrGraphics Cartoons,,Your #TuesdayThoughts It's NOT nice to Fool Mother Nature!  #ClimateChangeHoax Funny Post at  https://t.co/Iy0Dr7cdkX  https://t.co/E0fLA8XmDv,en,[],['https://grrrgraphics.com/mother-nature'],['https://pbs.twimg.com/media/EIoUhheU8AAH-Rx.jpg'],655,529,911,"['tuesdaythoughts', 'climatechangehoax']",[],https://twitter.com/GrrrGraphics/status/1191797412584546304,,,1,https://pbs.twimg.com/media/EIoUhheU8AAH-Rx.jpg,,,,,,,"{'user_id': None, 'username': None}",,,,
1188290111596826624,1188290111596826624,2019-10-26 23:03:34 Eastern Daylight Time,2019-10-26,23:03:34,-0400,272064857,vanessacvenus,VanessaNY-MAGAGIRL!!ğŸ‡ºğŸ‡¸,,"ğŸ¤ªJust a small example on just how intelligent these liberals actually are. Keep it up smart asses, your doing a great job abusing innocent children with your ridiculous played out climate change hoax! Democrats hate facts! #ClimateChangeHoax #KAG2020 ğŸ™ğŸ¼ğŸ‡ºğŸ‡¸#WalkAwayFromDemocrats  https://t.co/W1EbrM83Ae",en,[],[],['https://pbs.twimg.com/media/EH2njrxXYAE-fGJ.jpg'],4,217,178,"['climatechangehoax', 'kag2020', 'walkawayfromdemocrats']",[],https://twitter.com/vanessacvenus/status/1188290111596826624,,,1,https://pbs.twimg.com/media/EH2njrxXYAE-fGJ.jpg,,,,,,,"{'user_id': None, 'username': None}",,,,
1186602036541849601,1186602036541849601,2019-10-22 07:15:46 Eastern Daylight Time,2019-10-22,07:15:46,-0400,1164676482548940800,therealpamiam,Pam H8s Censorship ğŸŒŸğŸŒŸğŸŒŸ,,"Climate change activists raided In-N-Out Burger in Long Beach, CA &amp; harassed workers.  Employees took action b4 police arrived &amp; removed queen dumbass while bullhorn guy yelled like the #VillageIdiot ğŸ—£  These people are insane! #ClimateChangeHoax  https://t.co/kGR6G0vvAh",en,[],[],[],190,652,821,"['villageidiot', 'climatechangehoax']",[],https://twitter.com/TheRealPamIAm/status/1186602036541849601,,,1,https://pbs.twimg.com/ext_tw_video_thumb/1185225939334115328/pu/img/g2Q23g3xlJETtgl0.jpg,,,,,,,"{'user_id': None, 'username': None}",,,,
1186271875430670338,1186271875430670338,2019-10-21 09:23:49 Eastern Daylight Time,2019-10-21,09:23:49,-0400,69190453,lvnancy,ğŸ’„ğ•¯ğ–Šğ–’ğ–”ğ–ˆğ–—ğ–†ğ–™ğ–˜ ğ‘³ğ‘°ğ‘¬ ğŸ’¯ É³Î±É³à«®Ù†ğŸ‡ºğŸ‡¸,,WTF ğŸ¤¨  How is this helping #ClimateCrisis? These loony Liberals are either possessed or just plain stupid  ğŸ˜³ğŸ˜¬ğŸ˜†ğŸ˜‚ğŸ¤£ğŸ˜‚ #ClimateChangeHoax  https://t.co/4rFSByhael,en,[],[],[],221,212,313,"['climatecrisis', 'climatechangehoax']",[],https://twitter.com/LVNancy/status/1186271875430670338,,,1,https://pbs.twimg.com/ext_tw_video_thumb/1186271789006999553/pu/img/Q46LKYof_0F5Tgux.jpg,,,,,,,"{'user_id': None, 'username': None}",,,,
1185858703393726465,1185858703393726465,2019-10-20 06:02:01 Eastern Daylight Time,2019-10-20,06:02:01,-0400,364214133,va_shiva,"Dr.SHIVA Ayyadurai, MIT PhD. Inventor of Email",,"Hey @jack, I too have noticed after the success of my Paris Accords video exposing the ""Climate Change"" Hoax, there's been a choking of my tweets, and I've gotten hundreds of messages that others have also observed the same.",en,['jack'],[],[],33,290,713,[],[],https://twitter.com/va_shiva/status/1185858703393726465,,https://twitter.com/George_T_L_3/status/1185853389407522816,0,,,,,,,,"{'user_id': None, 'username': None}",,,,
1185293440768249858,1185293440768249858,2019-10-18 16:35:52 Eastern Daylight Time,2019-10-18,16:35:52,-0400,835623734643949568,lisaraitt,Lisa Raitt  ğŸ‡¨ğŸ‡¦,,"Many students in Alberta are missing out on their education to attend a ""Climate Strike"" funded by Liberals.  RETWEET and LIKE so we can hear your opinion Canada ğŸ‡¨ğŸ‡¦!  #GretaInAlberta #GretaThurnberg #ClimateChange #climatestrikecanada #ClimateStrikeYEG #ClimateChangeHoax  https://t.co/0MdLOZMEGf",en,[],[],[],744,387,666,"['gretainalberta', 'gretathurnberg', 'climatechange', 'climatestrikecanada', 'climatestrikeyeg', 'climatechangehoax']",[],https://twitter.com/LisaRaitt/status/1185293440768249858,,,1,https://pbs.twimg.com/ext_tw_video_thumb/1185293385348911104/pu/img/bOPYXwlW3aLbm0SL.jpg,,,,,,,"{'user_id': None, 'username': None}",,,,
1184470123878457345,1184470123878457345,2019-10-16 10:04:18 Eastern Daylight Time,2019-10-16,10:04:18,-0400,817604531374739456,hmloeschmck,Heather Loesch ğŸ‡ºğŸ‡¸,,#ClimateChangeHoax  https://t.co/tWHe1kpvy1,und,[],[],['https://pbs.twimg.com/media/EHAVTCaXUAEo-WW.jpg'],32,325,553,['climatechangehoax'],[],https://twitter.com/HMLoeschMcK/status/1184470123878457345,,,1,https://pbs.twimg.com/media/EHAVTCaXUAEo-WW.jpg,,,,,,,"{'user_id': None, 'username': None}",,,,
1181936096848089088,1181936096848089088,2019-10-09 10:14:59 Eastern Daylight Time,2019-10-09,10:14:59,-0400,314548237,cllrbsilvester,CllrBSilvester #Trump #Scamdemic #EndLockdownNOW âŒ,,"Climate change hoax COLLAPSES as new science finds human activity has virtually zero impact on global temperature. Itâ€™s all a massive,coordinated fraud It transfers literally Â£trillions into the pockets of wealthy globalists as part of â€œcarbon taxâ€ scheme.  https://t.co/4t8qL5V7k0",en,[],['https://www.naturalnews.com/2019-07-12-climate-change-hoax-collapses-new-science-cloud-cover.html'],[],96,1328,1626,[],[],https://twitter.com/CllrBSilvester/status/1181936096848089088,,,0,,,,,,,,"{'user_id': None, 'username': None}",,,,
1180224663806341122,1180224663806341122,2019-10-04 16:54:22 Eastern Daylight Time,2019-10-04,16:54:22,-0400,2376574058,4americankat,AmericanKatğŸ‡ºğŸ‡¸ ğŸ§¡ğŸƒ,,"I often wondered what nut jobs voted to put AOC in office and now I know.  The @DNC new slogan should be if we canâ€™t eat â€˜em, weâ€™ll kill â€˜em. #DemsRCrazy #DemBabyKillers #HungryDemsEatBabies #ClimateChangeHoax  https://t.co/XBjXLAM7OL",en,['dnc'],[],['https://pbs.twimg.com/media/EGEAE22VUAAy9zA.jpg'],32,192,195,"['demsrcrazy', 'dembabykillers', 'hungrydemseatbabies', 'climatechangehoax']",[],https://twitter.com/4AmericanKat/status/1180224663806341122,,https://twitter.com/RealSaavedra/status/1179908480322289664,1,https://pbs.twimg.com/media/EGEAE22VUAAy9zA.jpg,,,,,,,"{'user_id': None, 'username': None}",,,,
1179991930651975680,1179991930651975680,2019-10-04 01:29:34 Eastern Daylight Time,2019-10-04,01:29:34,-0400,1599141961,mac72terry,Terry McNeely Comedian ğŸ™,,I truly hope that this is a huge prank!  Have democrats gone this far out of their minds ? #DemocratsHaveLostTheirDamnMinds #ClimateActionSummit #ClimateChange #ClimateActionNow #ClimateChangeHoax   https://t.co/KN6psLwxpX,en,[],['https://twitter.com/Burke4Senate/status/1179965951036596225/video/1'],[],132,224,274,"['democratshavelosttheirdamnminds', 'climateactionsummit', 'climatechange', 'climateactionnow', 'climatechangehoax']",[],https://twitter.com/Mac72Terry/status/1179991930651975680,,,0,,,,,,,,"{'user_id': None, 'username': None}",,,,
1179956034116435969,1179956034116435969,2019-10-03 23:06:55 Eastern Daylight Time,2019-10-03,23:06:55,-0400,3540252020,redrising11,â™¥ï¸ Joy Reborn â™¥ï¸,,"ğŸ¤¨ Is it concerning to anyone else  that @AOC appears to consider the #EatTheBabies resolution, &amp; she, nor any of her constituents, intervene in this #GreenDeal hysteriaâ‰ï¸ğŸ¤¦ğŸ»â€â™€ï¸ #FFS #AOCResign #ClimateChangeHoax #ClimateStrike #DemocratsHaveLostTheirDamnMinds  https://t.co/FJB9LBQzk2",en,['aoc'],[],[],75,210,247,"['eatthebabies', 'greendeal', 'ffs', 'aocresign', 'climatechangehoax', 'climatestrike', 'democratshavelosttheirdamnminds']",[],https://twitter.com/RedRising11/status/1179956034116435969,,,1,https://pbs.twimg.com/amplify_video_thumb/1179906234239143936/img/ix4Cr5yLtownFuBh.jpg,,,,,,,"{'user_id': None, 'username': None}",,,,
1179922379503472640,1179922379503472640,2019-10-03 20:53:11 Eastern Daylight Time,2019-10-03,20:53:11,-0400,1049403240,patriotbluest,ğŸ‡ºğŸ‡¸Patriot Blues ğŸ‡ºğŸ‡¸,,#DemonRats preach and preach about #ClimateChange but yet the cities they run look like this ğŸ‘‡ğŸ¼ğŸ‘‡ğŸ¼  Spreading diseases we havenâ€™t seen in decades!  Shame on these #Hypocrites !  #ClimateChangeHoax   #DemocratsAreDestroyingAmerica  https://t.co/whwGjdkQBv,en,[],[],['https://pbs.twimg.com/media/EF_tJkdWoAwK7Zm.jpg'],34,485,429,"['demonrats', 'climatechange', 'hypocrites', 'climatechangehoax', 'democratsaredestroyingamerica']",[],https://twitter.com/PatriotBluesT/status/1179922379503472640,,,1,https://pbs.twimg.com/media/EF_tJkdWoAwK7Zm.jpg,,,,,,,"{'user_id': None, 'username': None}",,,,
1179893318534217728,1179893318534217728,2019-10-03 18:57:43 Eastern Daylight Time,2019-10-03,18:57:43,-0400,1049403240,patriotbluest,ğŸ‡ºğŸ‡¸Patriot Blues ğŸ‡ºğŸ‡¸,,The biggest #hoax every played on the world     #ClimateChange = weather   #ClimateCrisis  #ClimateChangeHoax  120 years of climate scares  https://t.co/Vc9U9b1yRi,en,[],['https://www.americanthinker.com/blog/2014/08/120_years_of_climate_scares.html'],[],18,245,243,"['hoax', 'climatechange', 'climatecrisis', 'climatechangehoax']",[],https://twitter.com/PatriotBluesT/status/1179893318534217728,,,0,,,,,,,,"{'user_id': None, 'username': None}",,,,
1179842062985961473,1179842062985961473,2019-10-03 15:34:02 Eastern Daylight Time,2019-10-03,15:34:02,-0400,216327829,gerardbattenuk,Gerard Batten,,Listen to Piers Corbyn on the man made climate change hoax. Would be great to be a fly on the wall when he discusses that with Jeremy.,en,[],[],[],18,224,421,[],[],https://twitter.com/GerardBattenUK/status/1179842062985961473,,https://twitter.com/talkRADIO/status/1171760891743940609,0,,,,,,,,"{'user_id': None, 'username': None}",,,,
1179481149627752448,1179481149627752448,2019-10-02 15:39:54 Eastern Daylight Time,2019-10-02,15:39:54,-0400,583456963,latiffani1,ğŸ‡ºğŸ‡¸ Tiff ğŸ‡ºğŸ‡¸,,"â€œGreta Thunberg doesnâ€™t understand â€˜complex and differentâ€™ modern worldâ€...  â€œWhen someone is using children and teenagers in personal interests, it only deserves to be condemnedâ€  NEVER thought Iâ€™d ever agree with Vladimir Putin   #ClimateChangeHoax   RT if you agree",en,[],[],[],35,243,424,['climatechangehoax'],[],https://twitter.com/LATiffani1/status/1179481149627752448,,,0,,,,,,,,"{'user_id': None, 'username': None}",,,,
1178930024201822210,1178930024201822210,2019-10-01 03:09:55 Eastern Daylight Time,2019-10-01,03:09:55,-0400,809974521746911232,coreysdigs,Corey Lynn - Corey's Digs,,"Give this man a round of applause. He did a fantastic job simplifying this. We were just talking about the climate change hoax in our podcast last week. It is one of the biggest slush funds of our time, and it's used for fronts and population control as well.",en,[],[],[],40,988,1407,[],[],https://twitter.com/CoreysDigs/status/1178930024201822210,,https://twitter.com/va_shiva/status/1176506786414825473,0,,,,,,,,"{'user_id': None, 'username': None}",,,,
1178398638902349824,1178398638902349824,2019-09-29 15:58:23 Eastern Daylight Time,2019-09-29,15:58:23,-0400,127941629,grrrgraphics,GrrrGraphics Cartoons,,"#CartoonUpdate  The #climateFacade updated with #GretaThunberg featured! ""Save My Childhood...NOW!""  The New Face of #ClimateChangeHoax read the post at  https://t.co/we2EowArPH  https://t.co/d2WagyLnpC",en,[],['https://grrrgraphics.com/climate-facade-updated'],['https://pbs.twimg.com/media/EFqDSZCUYAAZAGP.jpg'],26,393,544,"['cartoonupdate', 'climatefacade', 'gretathunberg', 'climatechangehoax']",[],https://twitter.com/GrrrGraphics/status/1178398638902349824,,,1,https://pbs.twimg.com/media/EFqDSZCUYAAZAGP.jpg,,,,,,,"{'user_id': None, 'username': None}",,,,
1176506786414825473,1176506786414825473,2019-09-24 10:40:50 Eastern Daylight Time,2019-09-24,10:40:50,-0400,364214133,va_shiva,"Dr.SHIVA Ayyadurai, MIT PhD. Inventor of Email",,An MIT PhD exposes who will profit from the â€œClimate Changeâ€ HOAX &amp; why it was right that @realDonaldTrump pulled out of the pollution-incentivizing Paris Accords.    https://t.co/llU6cwNN8C,en,['realdonaldtrump'],['https://www.pscp.tv/w/cFog8TFQbUVxT2Fhcm9KS298MXlvS01CTVBlTm5HUf51xJ2AYveQImuPUG2WxbAKmMazKhAnAuQNBP0VdKLP?t=1m8s'],[],1451,14389,17833,[],[],https://twitter.com/va_shiva/status/1176506786414825473,,,0,,,,,,,,"{'user_id': None, 'username': None}",,,,
1176492076151623681,1176492076151623681,2019-09-24 09:42:23 Eastern Daylight Time,2019-09-24,09:42:23,-0400,162301746,ladyredwave,ğŸ‡ºğŸ‡¸Lady Deâ€™PlorableğŸ‡ºğŸ‡¸,,"THIS  THIS THIS is terrific - to all the children Walking Out &amp; Protesting the #ClimateChangeHoax  Show THIS to your children &amp; grandchildren!   Wake up, Grow Up &amp; Shut up until youâ€™re sure of the facts BEFORE protesting!  https://t.co/AsFTjIwp6I",en,[],['https://twitter.com/RidesSeagull/status/1175098960370946053/video/1'],[],39,364,388,['climatechangehoax'],[],https://twitter.com/LadyRedWave/status/1176492076151623681,,,0,,,,,,,,"{'user_id': None, 'username': None}",,,,
1176491956181987328,1176491956181987328,2019-09-24 09:41:55 Eastern Daylight Time,2019-09-24,09:41:55,-0400,69190453,lvnancy,ğŸ’„ğ•¯ğ–Šğ–’ğ–”ğ–ˆğ–—ğ–†ğ–™ğ–˜ ğ‘³ğ‘°ğ‘¬ ğŸ’¯ É³Î±É³à«®Ù†ğŸ‡ºğŸ‡¸,,Everyone is mad at Laura Ingraham for comparing #GretaThurnberg to #ChildrenOfTheCorn   #HowDareYou   Maybe if she were wearing a red hat.....#Covington   #GretaThunbergOutdidTrump #ClimateChange #ClimateChangeHoax  https://t.co/dOd1ozkaWt,en,[],[],['https://pbs.twimg.com/media/EFO9MTmU8AA8p8B.jpg'],37,197,273,"['gretathurnberg', 'childrenofthecorn', 'howdareyou', 'covington', 'gretathunbergoutdidtrump', 'climatechange', 'climatechangehoax']",[],https://twitter.com/LVNancy/status/1176491956181987328,,,1,https://pbs.twimg.com/media/EFO9MTmU8AA8p8B.jpg,,,,,,,"{'user_id': None, 'username': None}",,,,
1176491755463675904,1176491755463675904,2019-09-24 09:41:07 Eastern Daylight Time,2019-09-24,09:41:07,-0400,266237495,smalltownandrew,Andrew,,Greta Thunberg and Her Family's History as Actors  Greta Thunberg is another David Hogg and just a ploy from the left to push their socialist climate change hoax!  Her entire family is filled with actors and so is she!   RT if you agree   Check out ğŸ‘‡ğŸ‘‡  https://t.co/h9UH9zgafG,en,[],['https://magamedia.org/2019/09/24/greta-thunberg-and-her-familys-history-as-actors/'],[],94,986,957,[],[],https://twitter.com/smalltownandrew/status/1176491755463675904,,,0,,,,,,,,"{'user_id': None, 'username': None}",,,,
1176376449051181056,1176376449051181056,2019-09-24 02:02:56 Eastern Daylight Time,2019-09-24,02:02:56,-0400,1038748858241581056,origsmartassam,Sam Newman,,"This annoying little brat addressed the UN on the so-called climate crisis. WHO lets this shit have a platform? Mendacious, inbred sycophants, that who. #ClimateChangeHoax  https://t.co/W1fvYdtFSW",en,[],[],[],2870,377,3092,['climatechangehoax'],[],https://twitter.com/Origsmartassam/status/1176376449051181056,,,1,https://pbs.twimg.com/ext_tw_video_thumb/1176375788511227904/pu/img/h8t8vxjfd0_TtKay.jpg,,,,,,,"{'user_id': None, 'username': None}",,,,
1176333136545943552,1176333136545943552,2019-09-23 23:10:49 Eastern Daylight Time,2019-09-23,23:10:49,-0400,1049403240,patriotbluest,ğŸ‡ºğŸ‡¸Patriot Blues ğŸ‡ºğŸ‡¸,,#DemoRats will stop at nothing to scare and brainwash our youth!  #GretaThurnberg   #GretaOfTheCorn  #ClimateHysteria   #ClimateTantrum   #ClimateChangeHoax   Meme masterpiece by @Real_Patriot911  https://t.co/mvT1vaX2Ac,en,['real_patriot911'],[],['https://pbs.twimg.com/media/EFMsvwgWwAAZ9JO.jpg'],21,169,190,"['demorats', 'gretathurnberg', 'gretaofthecorn', 'climatehysteria', 'climatetantrum', 'climatechangehoax']",[],https://twitter.com/PatriotBluesT/status/1176333136545943552,,,1,https://pbs.twimg.com/media/EFMsvwgWwAAZ9JO.jpg,,,,,,,"{'user_id': None, 'username': None}",,,,
1176130928869019651,1176130928869019651,2019-09-23 09:47:19 Eastern Daylight Time,2019-09-23,09:47:19,-0400,1045424510353182727,trump_girl_usa,Patriot4Freedom,,"â¦@realDonaldTrumpâ©, is said he may attend the VERY REAL crisis of religious freedom meeting!  Still not reported by #MSM, #ChristianPersecution killed 4,300 worldwide last year, 245 million live under HEAVY persecution! Not #ClimateChangeHoax   https://t.co/DquWTksAdC",en,['realdonaldtrump'],['https://abcnews.go.com/amp/Politics/trump-skips-climate-summit-slingshot-global-goals/story?id=65756745'],[],12,183,179,"['msm', 'christianpersecution', 'climatechangehoax']",[],https://twitter.com/Trump_Girl_USA/status/1176130928869019651,,,0,,,,,,,,"{'user_id': None, 'username': None}",,,,
1176088836671229952,1176088836671229952,2019-09-23 07:00:03 Eastern Daylight Time,2019-09-23,07:00:03,-0400,43350851,robertjeffress,Dr. Robert Jeffress,,"What President in history would have the guts to do what President @realDonaldTrump is doing today to skip the UN summit on the climate change hoax and address the real problem of global persecution of believers?  Watch my interview from ""Fox &amp; Friends"" this morning.  https://t.co/4vvruJ9YGO",en,['realdonaldtrump'],[],[],137,507,1711,[],[],https://twitter.com/robertjeffress/status/1176088836671229952,,,1,https://pbs.twimg.com/amplify_video_thumb/1176085653295128576/img/at2rWImK4NusEbNd.jpg,,,,,,,"{'user_id': None, 'username': None}",,,,
1175887231896215553,1175887231896215553,2019-09-22 17:38:57 Eastern Daylight Time,2019-09-22,17:38:57,-0400,43350851,robertjeffress,Dr. Robert Jeffress,,President @realDonaldTrump will skip the UN summit tomorrow on the climate change hoax and convene his own summit on global religious liberty. Iâ€™ll be there and will discuss on â€œFox &amp; Friendsâ€ tomorrow at 6:20am ET/ 5:20am CT.,en,['realdonaldtrump'],[],[],108,725,3458,[],[],https://twitter.com/robertjeffress/status/1175887231896215553,,,0,,,,,,,,"{'user_id': None, 'username': None}",,,,
1175809861575045120,1175809861575045120,2019-09-22 12:31:31 Eastern Daylight Time,2019-09-22,12:31:31,-0400,162301746,ladyredwave,ğŸ‡ºğŸ‡¸Lady Deâ€™PlorableğŸ‡ºğŸ‡¸,,"This pic should make you think LONG &amp; HARD abt WHO you listen to!  People come from other countries, school US on #ClimateChangeHoax &amp; LOOK who they're FOR ~ #Antifa...WTH does THAT tell you? So sick of the duplicity! #KAG2020  https://t.co/Fcd6qTFEKL",en,[],[],['https://pbs.twimg.com/media/EFFQNRQVAAA3ON7.jpg'],30,201,176,"['climatechangehoax', 'antifa', 'kag2020']",[],https://twitter.com/LadyRedWave/status/1175809861575045120,,,1,https://pbs.twimg.com/media/EFFQNRQVAAA3ON7.jpg,,,,,,,"{'user_id': None, 'username': None}",,,,
1175638942625890305,1175617025298685953,2019-09-22 01:12:20 Eastern Daylight Time,2019-09-22,01:12:20,-0400,991223146815541248,censoredc1,Censored Conservative,,"Obviously I've triggered some libtards who are quick just call my post fake. Congratulations, you've only proved my point. You already know #ClimateChangeHoax is used to push a fake and false libtard narrative. It's used as a power grab by the left. There is no factual evidence.  https://t.co/SJb7Cm4xNP",en,[],[],['https://pbs.twimg.com/media/EFC1YcqU0AAX4SO.jpg'],10,190,186,['climatechangehoax'],[],https://twitter.com/CensoredC1/status/1175638942625890305,,,1,https://pbs.twimg.com/media/EFC1YcqU0AAX4SO.jpg,,,,,,,"{'user_id': '991223146815541248', 'username': 'CensoredC1'}",,,,
1175617025298685953,1175617025298685953,2019-09-21 23:45:15 Eastern Daylight Time,2019-09-21,23:45:15,-0400,991223146815541248,censoredc1,Censored Conservative,,"Pretty sad coming from people who supposedly care about the environment, claiming they won't procreate. Maybe they shouldn't have more hypocritical kids, coming from hypocritical families.  #ClimateChangeHoax  #ClimateAction ğŸ¤£ğŸ˜‚ Pick up your trash you dirty wannabe hippies.  https://t.co/e0dqyDKJRg",en,[],[],['https://pbs.twimg.com/media/EFChc6CU0AA9b0e.jpg'],42,304,288,"['climatechangehoax', 'climateaction']",[],https://twitter.com/CensoredC1/status/1175617025298685953,,,1,https://pbs.twimg.com/media/EFChc6CU0AA9b0e.jpg,,,,,,,"{'user_id': None, 'username': None}",,,,
1174673414524690432,1174673414524690432,2019-09-19 09:15:41 Eastern Daylight Time,2019-09-19,09:15:41,-0400,38495835,marklevinshow,Mark R. Levin,,Climate change hoax  https://t.co/CeXH2KtlHP,es,[],['https://www.foxnews.com/media/mark-levin-climate-change-predictions-failed-study'],[],274,2521,7561,[],[],https://twitter.com/marklevinshow/status/1174673414524690432,,,0,,,,,,,,"{'user_id': None, 'username': None}",,,,
1172238484632952832,1172238484632952832,2019-09-12 16:00:08 Eastern Daylight Time,2019-09-12,16:00:08,-0400,53745076,pinkk9lover,wendy,,ğŸ¤£The  #DemocraticDebate is taking their #ClimateChangeHoax to #Houston tonight- the largest oil exporter in the USA! With that their #GunControlNow BğŸ’©. This is #TX morons! #2A  #ThursdayThoughts #Trump2020Landslide  @RealG2daZ @AppSame @Cowboy25259 @SKYRIDER4538 @LoriinUtah  https://t.co/PXX1Gj934K,en,"['appsame', 'cowboy25259', 'skyrider4538', 'loriinutah']",[],['https://pbs.twimg.com/media/EESgr1ZW4AATP1k.jpg'],19,242,234,"['democraticdebate', 'climatechangehoax', 'houston', 'guncontrolnow', 'tx', '2a', 'thursdaythoughts', 'trump2020landslide']",[],https://twitter.com/pinkk9lover/status/1172238484632952832,,,1,https://pbs.twimg.com/media/EESgr1ZW4AATP1k.jpg,,,,,,,"{'user_id': None, 'username': None}",,,,
1170888804649066496,1170888804649066496,2019-09-08 22:36:59 Eastern Daylight Time,2019-09-08,22:36:59,-0400,4911913852,idmrd1223,âŒI-D.MrDâŒğŸ‡ºğŸ‡¸ğŸ’¥,,"Man Made Climate Change Is A HOAX!, I Repeat, HOAX! ğŸ˜± TIRED OF THIS NONSENSE ğŸ’¯ #ClimateChange #ClimateChangeHoax #GlobalWarming #GlobalCooling  https://t.co/DyJMEMhL5T",en,[],['https://www.afa.net/the-stand/culture/2019/07/90-scientists-global-warming-is-a-total-hoax/'],[],24,278,287,"['climatechange', 'climatechangehoax', 'globalwarming', 'globalcooling']",[],https://twitter.com/IDMrD1223/status/1170888804649066496,,,0,,,,,,,,"{'user_id': None, 'username': None}",,,,
1170002022818562048,1170002022818562048,2019-09-06 11:53:14 Eastern Daylight Time,2019-09-06,11:53:14,-0400,1049403240,patriotbluest,ğŸ‡ºğŸ‡¸Patriot Blues ğŸ‡ºğŸ‡¸,,"My weekend plans,   Eat red meat.   Feed bean burritos to the biggest cattle ranch I can find.   Video tape the methane terror.   Send the video to @aoc and watch the meltdown!  What are yours? ğŸ˜‚  #ClimateChangeTownHall   #ClimateChangeHoax   #CowFartsMatter   @skb_sara  https://t.co/3VQWcGO3Nn",en,"['aoc', 'skb_sara']",[],['https://pbs.twimg.com/media/EDyuowzXoAEd4cf.jpg'],113,435,647,"['climatechangetownhall', 'climatechangehoax', 'cowfartsmatter']",[],https://twitter.com/PatriotBluesT/status/1170002022818562048,,,1,https://pbs.twimg.com/media/EDyuowzXoAEd4cf.jpg,,,,,,,"{'user_id': None, 'username': None}",,,,
1169796814872207366,1169796814872207366,2019-09-05 22:17:49 Eastern Daylight Time,2019-09-05,22:17:49,-0400,3291793433,realryanjensen,Ryan Jensen,,"The ENTIRE Northern Polar Ice Caps could melt tomorrow and it wouldnâ€™t cause sea levels to rise.  Why? Becuase it is floating in the ocean already. Itâ€™s already there.  Only, land based glaciers cause sea levels to rise.  Only 10% of ALL GLACIERS are on land.  #ClimateChangeHoax",en,[],[],[],257,1475,2509,['climatechangehoax'],[],https://twitter.com/realryanjensen/status/1169796814872207366,,,0,,,,,,,,"{'user_id': None, 'username': None}",,,,
1169760232886743040,1169760232886743040,2019-09-05 19:52:27 Eastern Daylight Time,2019-09-05,19:52:27,-0400,53745076,pinkk9lover,wendy,,ğŸ˜‚ğŸ¤£ğŸ˜‚#CNNFakeNews finished 3rd in cable news during their Fake #ClimateChangeHoax Town Hall marathon. The 10 #Democratic contenders couldnâ€™t even surpass @MSNBC! Wanna keep telling us any one of these losers could beat @POTUS in 2020 @CNN ? #ThursdayThoughts  #DemocratsAreBlind  https://t.co/QnfnhINzLV,en,"['msnbc', 'potus', 'cnn']",[],['https://pbs.twimg.com/media/EDvSupUX4AcmyCd.jpg'],34,424,620,"['cnnfakenews', 'climatechangehoax', 'democratic', 'thursdaythoughts', 'democratsareblind']",[],https://twitter.com/pinkk9lover/status/1169760232886743040,,,1,https://pbs.twimg.com/media/EDvSupUX4AcmyCd.jpg,,,,,,,"{'user_id': None, 'username': None}",,,,
1169309341926797313,1169309341926797313,2019-09-04 14:00:46 Eastern Daylight Time,2019-09-04,14:00:46,-0400,1049403240,patriotbluest,ğŸ‡ºğŸ‡¸Patriot Blues ğŸ‡ºğŸ‡¸,,â€œIt hits vulnerable communities firstâ€  So now @AOC wants you to think #ClimateChange has a brain and is like a lunch room bully that picks on the â€œ vulnerable â€œ ??  #StupidShouldHurt  #MakeAOCbartendAgain  #ClimateChangeHoax   #BigfootIsRealToo,en,['aoc'],[],[],55,220,265,"['climatechange', 'stupidshouldhurt', 'makeaocbartendagain', 'climatechangehoax', 'bigfootisrealtoo']",[],https://twitter.com/PatriotBluesT/status/1169309341926797313,,https://twitter.com/AOC/status/1169016975172997120,0,,,,,,,,"{'user_id': None, 'username': None}",,,,
1167749290229411840,1167749290229411840,2019-08-31 06:41:41 Eastern Daylight Time,2019-08-31,06:41:41,-0400,121374117,robertjensen,Robert Jensen,,Wordt prachtig om de komende 2-3 jaar de hele Climate Change hoax in elkaar te zien storten. Wetenschappers hebben het licht al gezien (thermodynamic equilibrium).Ik adviseer de 'klimaat' afhankelijken een andere baan te zoeken. En een beetje te dimmen. Voor jullie eigen bestwil!,nl,[],[],[],133,350,1198,[],[],https://twitter.com/robertjensen/status/1167749290229411840,,,0,,,,,,,,"{'user_id': None, 'username': None}",,,,
1167535003401474048,1167535003401474048,2019-08-30 16:30:11 Eastern Daylight Time,2019-08-30,16:30:11,-0400,813801457950609408,franktmcveety,Frank McVeety,,CO2 necessary for all life on earth. Climate change hoax COLLAPSES as new science finds human activity has virtually zero impact on global temperatures â€“  https://t.co/NumPvl6YVI  https://t.co/EdGu7FDjHd,en,[],"['http://NaturalNews.com', 'https://www.naturalnews.com/2019-07-12-climate-change-hoax-collapses-new-science-cloud-cover.html']",[],28,311,437,[],[],https://twitter.com/Franktmcveety/status/1167535003401474048,,,0,,,,,,,,"{'user_id': None, 'username': None}",,,,
1167405918167928843,1167405918167928843,2019-08-30 07:57:14 Eastern Daylight Time,2019-08-30,07:57:14,-0400,499154896,alexbruesewitz,Alex Bruesewitz,,Hurricanes have been happening for thousands of years. Long before the climate change hoax started.  Also you might want to ask your old boss why he bought a $15m beach front house if â€˜climate changeâ€™ is such a threat to coastal cities?,en,[],[],[],69,417,1960,[],[],https://twitter.com/alexbruesewitz/status/1167405918167928843,,https://twitter.com/brhodes/status/1167257567627599878,0,,,,,,,,"{'user_id': None, 'username': None}",,,,
1165963945167020033,1165963945167020033,2019-08-26 08:27:21 Eastern Daylight Time,2019-08-26,08:27:21,-0400,971051135996964864,stucam7771,Stu Cameron,,"Itâ€™s August 2019, and the US â€˜presidentâ€™ had to deny he said you could nuke hurricanes.  Why?  Because after windmill â€˜cancerâ€™ raking Californian forests, wanting to buy Greenland, climate change hoax and staring at a solar eclipse, it wasnâ€™t the most stupid idea heâ€™s ever had...",en,[],[],[],100,1402,4401,[],[],https://twitter.com/stucam7771/status/1165963945167020033,,,0,,,,,,,,"{'user_id': None, 'username': None}",,,,
1165631438647103488,1165631438647103488,2019-08-25 10:26:06 Eastern Daylight Time,2019-08-25,10:26:06,-0400,91882544,dineshdsouza,Dinesh D'Souza,,Many of the photos of #AmazonFires are bogus. They are taken from years agoâ€”sometimes as far back as 2000. Another case of #FakeNews to advance the climate change hoax  https://t.co/z8fNGicbdz,en,[],[],"['https://pbs.twimg.com/media/EC0nm0cXkAEushF.jpg', 'https://pbs.twimg.com/media/EC0nm0cW4AABcAQ.jpg', 'https://pbs.twimg.com/media/EC0nm0dXYAABgG-.jpg', 'https://pbs.twimg.com/media/EC0nm0kXUAA5DfT.jpg']",206,1987,3388,"['amazonfires', 'fakenews']",[],https://twitter.com/DineshDSouza/status/1165631438647103488,,,1,https://pbs.twimg.com/media/EC0nm0cXkAEushF.jpg,,,,,,,"{'user_id': None, 'username': None}",,,,
1165356389591605249,1165356389591605249,2019-08-24 16:13:09 Eastern Daylight Time,2019-08-24,16:13:09,-0400,364214133,va_shiva,"Dr.SHIVA Ayyadurai, MIT PhD. Inventor of Email",,"The Obama â€œClimate Changeâ€ Hoax. If Marthaâ€™s Vineyard is supposed to be underwater in 10 years, WHY is @BarackObama buying a $15 MILLION Mansion right on the water? Where heâ€™ll jetset back &amp; forth on a private plane.  https://t.co/6EDWTBpET9",en,['barackobama'],['https://www.realtor.com/news/celebrity-real-estate/barack-and-michelle-obama-marthas-vineyard-home/'],[],90,404,809,[],[],https://twitter.com/va_shiva/status/1165356389591605249,,,0,,,,,,,,"{'user_id': None, 'username': None}",,,,
1165224602936762369,1165224602936762369,2019-08-24 07:29:28 Eastern Daylight Time,2019-08-24,07:29:28,-0400,74841347,ingodidotrust,âœâ™•In God I Trustâ™•âœ,,"Does anybody remember the ""ACID RAIN HOAX"" perpetuated by the Media during the 70's and 80's? This is what they used to scare the kids with before they came up with the ""Climate Change HOAX""",en,[],[],[],249,773,1630,[],[],https://twitter.com/InGodIDoTrust/status/1165224602936762369,,,0,,,,,,,,"{'user_id': None, 'username': None}",,,,
1165198733895753729,1165198733895753729,2019-08-24 05:46:41 Eastern Daylight Time,2019-08-24,05:46:41,-0400,822521278242373633,bobbrinson1,Bob,,Rush had a great point yesterday if the #ClimateChangeHoax had any truth to it why would they spend 15 million on a house thatâ€™s going to be under water in 10 years  Obamas Make Offer on Luxurious Martha's Vineyard Estate  https://t.co/8s9daL3dNO,en,[],['https://www.lifezette.com/2019/08/obamas-make-offer-on-luxurious-marthas-vineyard-estate/'],[],100,468,480,['climatechangehoax'],[],https://twitter.com/BobBrinson1/status/1165198733895753729,,,0,,,,,,,,"{'user_id': None, 'username': None}",,,,
1160643850953789441,1160643850953789441,2019-08-11 16:07:12 Eastern Daylight Time,2019-08-11,16:07:12,-0400,18266688,tomfitton,Tom Fitton,,The Left's climate change hoax even bigger than the Russia collusion hoax.,en,[],[],[],192,1552,4309,[],[],https://twitter.com/TomFitton/status/1160643850953789441,,https://twitter.com/BernieSanders/status/1160305065325977600,0,,,,,,,,"{'user_id': None, 'username': None}",,,,
1159581096599851013,1159581096599851013,2019-08-08 17:44:12 Eastern Daylight Time,2019-08-08,17:44:12,-0400,232901331,dbongino,Dan Bongino,,Donâ€™t fall for the climate change hoax! H/T @JasonSCampbell  https://t.co/Qe5dJbWSFg,en,['jasonscampbell'],[],[],293,1155,3527,[],[],https://twitter.com/dbongino/status/1159581096599851013,,,1,https://pbs.twimg.com/ext_tw_video_thumb/1159580675361648640/pu/img/xm_7mfSTe46knRMe.jpg,,,,,,,"{'user_id': None, 'username': None}",,,,
1156716086320095232,1156716086320095232,2019-07-31 19:59:40 Eastern Daylight Time,2019-07-31,19:59:40,-0400,1049403240,patriotbluest,ğŸ‡ºğŸ‡¸Patriot Blues ğŸ‡ºğŸ‡¸,,#DemoRats take the #clown stage tonight and offer free ğŸ’© to everyone and at the same time telling our youth they are going to die in 10-12 years due to #ClimateChangeHoax    I want to share one of my favorite pics of a lady giving great hope to a young child!  Phil 4:13 ğŸ™ğŸ»  https://t.co/GYAiYVn1od,en,[],[],['https://pbs.twimg.com/media/EA17JUPXkAEobXC.jpg'],14,231,329,"['demorats', 'clown', 'climatechangehoax']",[],https://twitter.com/PatriotBluesT/status/1156716086320095232,,,1,https://pbs.twimg.com/media/EA17JUPXkAEobXC.jpg,,,,,,,"{'user_id': None, 'username': None}",,,,
1150646924460138496,1150646924460138496,2019-07-15 02:02:59 Eastern Daylight Time,2019-07-15,02:02:59,-0400,348113898,carbongate,Pure Climate Skeptic,,Climate change hoax COLLAPSES as new science finds human activity has virtually zero impact on global temperatures â€“  https://t.co/0bcMII8AGy #BBCbreakfast  https://t.co/zliVSieVla,en,[],"['http://NaturalNews.com', 'https://www.naturalnews.com/2019-07-12-climate-change-hoax-collapses-new-science-cloud-cover.html']",[],34,338,364,['bbcbreakfast'],[],https://twitter.com/Carbongate/status/1150646924460138496,,,0,,,,,,,,"{'user_id': None, 'username': None}",,,,
1149917311417114624,1149917311417114624,2019-07-13 01:43:46 Eastern Daylight Time,2019-07-13,01:43:46,-0400,969860836163547136,yota_berlin,Yota111,,Climate change hoax COLLAPSES as new science finds human activity has virtually zero impact on global temperatures  https://t.co/F9OCFmjtCc,en,[],['https://www.naturalnews.com/2019-07-12-climate-change-hoax-collapses-new-science-cloud-cover.html'],[],43,437,683,[],[],https://twitter.com/yota_berlin/status/1149917311417114624,,,0,,,,,,,,"{'user_id': None, 'username': None}",,,,
1149713611587280896,1149713611587280896,2019-07-12 12:14:20 Eastern Daylight Time,2019-07-12,12:14:20,-0400,2297338710,cattharmony,Catt,,"We knew it all along leftists manufacture ""climate change"" hoax, pretending that it's about saving the planet. Their real goal has always been about wealth redistribution. #ClimateChangeHoax  https://t.co/RnEEAZWUt8",en,[],['https://washex.am/2LhscP7'],[],31,225,211,['climatechangehoax'],[],https://twitter.com/CattHarmony/status/1149713611587280896,,,0,,,,,,,,"{'user_id': None, 'username': None}",,,,
1149696701034323970,1149696701034323970,2019-07-12 11:07:08 Eastern Daylight Time,2019-07-12,11:07:08,-0400,1049403240,patriotbluest,ğŸ‡ºğŸ‡¸Patriot Blues ğŸ‡ºğŸ‡¸,,"â¦@AOCâ© will claim this is racist...  #ClimateChangeHoax  Bombshell Claim: Scientists Find ""Man-made Climate Change Doesn't Exist In Practice"" | Zero Hedge   https://t.co/KwTBR9Yhmx",en,['aoc'],['https://www.zerohedge.com/news/2019-07-11/scientists-finland-japan-man-made-climate-change-doesnt-exist-practice'],[],21,505,574,['climatechangehoax'],[],https://twitter.com/PatriotBluesT/status/1149696701034323970,,,0,,,,,,,,"{'user_id': None, 'username': None}",,,,
1145805939678830593,1145805939678830593,2019-07-01 17:26:38 Eastern Daylight Time,2019-07-01,17:26:38,-0400,32671625,derekcressman,Derek 'Vote Early' Cressman,,The climate change hoax is getting so crazy it almost seems real ...,en,[],[],[],6,277,418,[],[],https://twitter.com/DerekCressman/status/1145805939678830593,,https://twitter.com/QuickTake/status/1145637666043629568,0,,,,,,,,"{'user_id': None, 'username': None}",,,,
1144767580412030977,1144767580412030977,2019-06-28 20:40:34 Eastern Daylight Time,2019-06-28,20:40:34,-0400,53745076,pinkk9lover,wendy,,"ğŸ˜œ@KamalaHarris said as soon as sheâ€™s Prez, sheâ€™ll take billions of our $ and re enter the Paris Climate Accord. You know ,the rip-off society that sanctions no one for breaking so- called â€œgreen rulesâ€. #FridaFeelings #2020Election #climatechangehoax   #WalkAway #Trump2020  https://t.co/J5YdAjwE3E",en,['kamalaharris'],[],['https://pbs.twimg.com/media/D-MIC5gWwAAVsUj.jpg'],33,629,806,"['fridafeelings', '2020election', 'climatechangehoax', 'walkaway', 'trump2020']",[],https://twitter.com/pinkk9lover/status/1144767580412030977,,,1,https://pbs.twimg.com/media/D-MIC5gWwAAVsUj.jpg,,,,,,,"{'user_id': None, 'username': None}",,,,
1138117727896211457,1138117727896211457,2019-06-10 12:16:26 Eastern Daylight Time,2019-06-10,12:16:26,-0400,72064926,jem_books,Janet Evelyn âœï¸ğŸ“–ğŸ‡ºğŸ‡¸ğŸ¤º,,ğŸ˜¯ğŸ™„ Forget the Climate Change Hoax - THIS is one of the REAL environmental issues of the world. Waste in our waterways. #CLIMATECHANGEHOAX #REALENVIRONMENTALISSUES  https://t.co/9Vh5GpjJCg,en,[],[],[],50,227,181,"['climatechangehoax', 'realenvironmentalissues']",[],https://twitter.com/JEM_Books/status/1138117727896211457,,,1,https://pbs.twimg.com/ext_tw_video_thumb/1138117205566971904/pu/img/EsSrKrPmYV7JD7Pf.jpg,,,,,,,"{'user_id': None, 'username': None}",,,,
1137862173827502083,1137862173827502083,2019-06-09 19:20:57 Eastern Daylight Time,2019-06-09,19:20:57,-0400,3406938525,thebradfordfile,thebradfordfileâ„¢,,Schiff is moving from the Russian hoax to the climate change hoax.  AG Barr must be closing in.,en,[],[],[],25,337,757,[],[],https://twitter.com/thebradfordfile/status/1137862173827502083,,https://twitter.com/RepAdamSchiff/status/1137859483760246786,0,,,,,,,,"{'user_id': None, 'username': None}",,,,
1133558351026106368,1133558351026106368,2019-05-28 22:19:06 Eastern Daylight Time,2019-05-28,22:19:06,-0400,3241007092,usalovegod,ğŸ–¤â¤ChristineğŸ’‹#Winning,,"#AOC called out by Meteorologist, Ryan Maue, after linking DC tornado warning to climate change  She was confusing #ClimateChange with ""weather"" in the capital region. @AOC doesn't know the difference between weather &amp; climateğŸ™„  #ClimateChangeHoax  https://t.co/OpEI1Z22VQ",en,['aoc'],['https://www.foxnews.com/politics/aoc-dc-tornado-warning-links-climate-change'],[],37,180,260,"['aoc', 'climatechange', 'climatechangehoax']",[],https://twitter.com/USAloveGOD/status/1133558351026106368,,,0,,,,,,,,"{'user_id': None, 'username': None}",,,,
1129561815917191169,1129561815917191169,2019-05-17 21:38:17 Eastern Daylight Time,2019-05-17,21:38:17,-0400,84219973,gailsline,Lady Roseâ­ï¸Kâ­ï¸ğŸ‡ºğŸ‡¸,,"@AOC you would be a laughable joke, but you are not funny. You label us as â€œextremistsâ€ for not wanting to murder the tiniest humans...as you cont to spew the man-made climate hoax. I donâ€™t know wether to laugh, cry or puke. #AbortionIsMurder #ClimateChangeHoax",en,['aoc'],[],[],46,238,282,"['abortionismurder', 'climatechangehoax']",[],https://twitter.com/gailsline/status/1129561815917191169,,https://twitter.com/AOC/status/1129449948288815105,0,,,,,,,,"{'user_id': '138203134', 'username': 'AOC'}",,,,
1127955194594123776,1127955194594123776,2019-05-13 11:14:09 Eastern Daylight Time,2019-05-13,11:14:09,-0400,91882544,dineshdsouza,Dinesh D'Souza,,"The Left might want to jump on this one. With the climate change hoax becoming more obvious, there may be a felt need for a new scam. â€œLetâ€™s create a government program to keep the moon from shrinking and shaking!â€",en,[],[],[],99,226,770,[],[],https://twitter.com/DineshDSouza/status/1127955194594123776,,https://twitter.com/Independent/status/1127951620707319810,0,,,,,,,,"{'user_id': None, 'username': None}",,,,
1122990229881806848,1122990229881806848,2019-04-29 18:25:09 Eastern Daylight Time,2019-04-29,18:25:09,-0400,958192618940252160,danielturnerptf,Daniel Turner,,Itâ€™s no coincidence that the same people who fall for the climate change hoax are the same people that fell for the Trump/Russian collusion hoax.,en,[],[],[],36,345,1733,[],[],https://twitter.com/DanielTurnerPTF/status/1122990229881806848,,,0,,,,,,,,"{'user_id': None, 'username': None}",,,,
1109848258418040832,1109848258418040832,2019-03-24 12:03:39 Eastern Daylight Time,2019-03-24,12:03:39,-0400,84219973,gailsline,Lady Roseâ­ï¸Kâ­ï¸ğŸ‡ºğŸ‡¸,,"@AOC the 2 topics are unrelated.  Walls (stats confirm they work) &amp;the #climatechangehoax (has many scientists who disagree that we cause it)no relation. Please try to stick to your script like a good little actress. And, BTW, facts actually do matter. #ARIELSARMYğŸŒ¿ #RoyalGuardğŸ‘‘",en,['aoc'],[],[],25,192,202,"['climatechangehoax', 'arielsarmy', 'royalguard']",[],https://twitter.com/gailsline/status/1109848258418040832,,https://twitter.com/AOC/status/1109469491547779072,0,,,,,,,,"{'user_id': '138203134', 'username': 'AOC'}",,,,
1106701643557625856,1106701643557625856,2019-03-15 19:40:08 Eastern Daylight Time,2019-03-15,19:40:08,-0400,24787367,lionelmedia,ğŸ‡ºğŸ‡¸LionelğŸ‡ºğŸ‡¸,,"Swarms of youngsters today marched cheerily to protest something, all the while spouting breathtakingly incoherent tropes and slogans with nary a clue as to anthropogenic causation models allegedly responsible for climate change. #ClimateChangeHoax #ClimateStrikeNYC  https://t.co/IBJXaoKrd3",en,[],[],[],314,339,673,"['climatechangehoax', 'climatestrikenyc']",[],https://twitter.com/LionelMedia/status/1106701643557625856,,,1,https://pbs.twimg.com/ext_tw_video_thumb/1106701522707120129/pu/img/-uGjC4ZfWIbwAI3I.jpg,,,,,,,"{'user_id': None, 'username': None}",,,,
1100442340890734597,1100442340890734597,2019-02-26 12:07:53 Eastern Standard Time,2019-02-26,12:07:53,-0400,266237495,smalltownandrew,Andrew,,"Socialists want to run your life. Thatâ€™s why theyâ€™re hyping up this climate change hoax. They want to distract and scare the public with this fallacy, while collecting your paycheck, pushing towards a complete government takeover.  Please read my thoughts  https://t.co/AuXz84QYw0",en,[],['https://magamedia.org/2019/02/26/no-more-kids/'],[],64,582,572,[],[],https://twitter.com/smalltownandrew/status/1100442340890734597,,,0,,,,,,,,"{'user_id': None, 'username': None}",,,,
1100143493853429764,1100143493853429764,2019-02-25 16:20:23 Eastern Standard Time,2019-02-25,16:20:23,-0400,958064770019741696,1romans58,JJ Truth,,"You know what's really aggravating about the climate change hoax...  We have REAL environmental problems that need to be addressed.  Harmful Chemicals in food/water, GMOs, and cleaning up our shoreline just to begin with.  But we are talking about cow farts",en,[],[],[],87,624,1099,[],[],https://twitter.com/1Romans58/status/1100143493853429764,,,0,,,,,,,,"{'user_id': None, 'username': None}",,,,
1098620494562160640,1098620494562160640,2019-02-21 11:28:31 Eastern Standard Time,2019-02-21,11:28:31,-0400,499154896,alexbruesewitz,Alex Bruesewitz,,Climate change = hoax  Russian collusion = hoax  Christine Blasey Ford = hoax  The fake bombs that were sent to Democrats = hoax  Jussie Smollett = hoax,en,[],[],[],157,1207,4935,[],[],https://twitter.com/alexbruesewitz/status/1098620494562160640,,,0,,,,,,,,"{'user_id': None, 'username': None}",,,,
1097670309363281920,1097670309363281920,2019-02-18 20:32:50 Eastern Standard Time,2019-02-18,20:32:50,-0400,53745076,pinkk9lover,wendy,,"It seems the #Left  have jumped on the radical bandwagon 4 2020. Booker says meat-eaters days are # ered, Warren wants  the 25th amend invoked on @POTUS .Kamatress supports #AOC â€˜s #NewGreenDeal &amp; the #ClimateChangeHoax. Can we leave @SpeakerPelosi in Munich &amp; save jet fuel?  https://t.co/0stdZUHUlf",en,"['potus', 'speakerpelosi']",[],['https://pbs.twimg.com/media/Dzu1UuEWwAEnsNA.jpg'],36,270,312,"['left', 'aoc', 'newgreendeal', 'climatechangehoax']",[],https://twitter.com/pinkk9lover/status/1097670309363281920,,,1,https://pbs.twimg.com/media/Dzu1UuEWwAEnsNA.jpg,,,,,,,"{'user_id': None, 'username': None}",,,,
1093719483393310720,1093719483393310720,2019-02-07 22:53:39 Eastern Standard Time,2019-02-07,22:53:39,-0400,1049814472817344512,trumperseaney,âœ¡ï¸ğŸ…‚ğŸ„´ğŸ„°ğŸ„½ğŸ„´ğŸ…ˆâ­ğŸ‡ºğŸ‡²â­ğŸ‡®ğŸ‡±â­ğŸ¹ #AllLivesMatterğŸ‘ˆ,,@BernieSanders I WILL CHOOSE #climatechange OVER YOU ğŸ¤® BEING IN ANY POSITION OF POWER ANY DAY YOU #Communist DIMWIT!!! #SOTU #SOTU2019 #ClimateChangeHoax  https://t.co/zVIsgMbgfl,en,['berniesanders'],[],['https://pbs.twimg.com/media/Dy2sEZTUUAAlYrp.jpg'],17,204,230,"['climatechange', 'communist', 'sotu', 'sotu2019', 'climatechangehoax']",[],https://twitter.com/TrumperSeaney/status/1093719483393310720,,,1,https://pbs.twimg.com/media/Dy2sEZTUUAAlYrp.jpg,,,,,,,"{'user_id': '216776631', 'username': 'BernieSanders'}",,,,
1084913977904238599,1084913977904238599,2019-01-14 15:43:43 Eastern Standard Time,2019-01-14,15:43:43,-0400,800086706678419456,1776stonewall,Stonewall Jackson,,The climate change hoax might end up being the best thing that  happened to the right. The left actually believes that they have to colonize another planet because this one is dying. Instead of discouraging them we should encourage them. Them leaving the planet solves everything,en,[],[],[],92,518,1469,[],[],https://twitter.com/1776Stonewall/status/1084913977904238599,,,0,,,,,,,,"{'user_id': None, 'username': None}",,,,
1080493318763696129,1080493318763696129,2019-01-02 10:57:36 Eastern Standard Time,2019-01-02,10:57:36,-0400,4717892303,v_of_europe,Voice of Europe ğŸŒ,,"Brazil's new President vows to fight ""Marxist garbage"" and ""climate change hoax""  https://t.co/N9nnY8cLuF",en,[],['https://voiceofeurope.com/2019/01/brazils-new-president-vows-to-fight-marxist-garbage-and-climate-change-hoax/#.XCzfZZZt0j0.twitter'],[],114,1176,2716,[],[],https://twitter.com/V_of_Europe/status/1080493318763696129,,,0,,,,,,,,"{'user_id': None, 'username': None}",,,,
1071656221562822656,1071656221562822656,2018-12-09 01:42:08 Eastern Standard Time,2018-12-09,01:42:08,-0400,958192618940252160,danielturnerptf,Daniel Turner,,France is on fire because citizens are starting to realize how terrible globalism and the climate change hoax are.  Keep fighting for your country! American patriots salute you.,en,[],[],[],69,909,4077,[],[],https://twitter.com/DanielTurnerPTF/status/1071656221562822656,,,0,,,,,,,,"{'user_id': None, 'username': None}",,,,
937319028732907520,937319028732907520,2017-12-03 08:54:05 Eastern Standard Time,2017-12-03,08:54:05,-0400,763935668284239872,president1trump,GITMO KAG2020 ğŸ‡ºğŸ‡¸,,What a piece of jerk..@BarackObama goes overseas and slams our favorite president on the climate change hoax!   https://t.co/xmSfTIhKjA,en,['barackobama'],[],[],786,1334,1939,[],[],https://twitter.com/President1Trump/status/937319028732907520,,,1,https://pbs.twimg.com/ext_tw_video_thumb/937312341401767936/pu/img/DPY06wu-lLS4jrC5.jpg,,,,,,,"{'user_id': None, 'username': None}",,,,
906147854498091008,906147854498091008,2017-09-08 09:30:58 Eastern Daylight Time,2017-09-08,09:30:58,-0400,33276161,johnfugelsang,John Fugelsang,,DT wants China to fix N Korea but with 3 hurricanes in a row they've obviously got their hands full with that Climate Change hoax.,en,[],[],[],33,771,2207,[],[],https://twitter.com/JohnFugelsang/status/906147854498091008,,,0,,,,,,,,"{'user_id': None, 'username': None}",,,,
905161989655330817,905161989655330817,2017-09-05 16:13:30 Eastern Daylight Time,2017-09-05,16:13:30,-0400,17004618,nickkristof,Nicholas Kristof,,"On the heels of Irma, another tropical storm is forming: the future Hurricane Jose. What the Chinese do to pull of this climate change hoax!  https://t.co/sH8Enr51ci",en,[],['https://twitter.com/NickKristof/status/905159908072583168'],[],32,321,995,[],[],https://twitter.com/NickKristof/status/905161989655330817,,https://twitter.com/NickKristof/status/905159908072583168,0,,,,,,,,"{'user_id': None, 'username': None}",,,,
872711574854787073,872711574854787073,2017-06-08 03:07:08 Eastern Daylight Time,2017-06-08,03:07:08,-0400,181249422,anomaly1,TRUMP ANOMALYÂ®,,"WOWğŸ’¥The Weatherâ˜€ï¸Channel Founder @JohnColemanMRWX Destroys #FakeNews #CNN Overâ€œ#GlobalWarming #ClimateChangeHoax""There is no Global Warming!  https://t.co/kE4bepvCXY",en,['johncolemanmrwx'],[],[],27,278,295,"['fakenews', 'cnn', 'globalwarming', 'climatechangehoax']",[],https://twitter.com/ANOMALY1/status/872711574854787073,,,1,https://pbs.twimg.com/ext_tw_video_thumb/872711006639849472/pu/img/-qkydDfeO7Sqn_NQ.jpg,,,,,,,"{'user_id': None, 'username': None}",,,,
870903561646944256,870903561646944256,2017-06-03 03:22:44 Eastern Daylight Time,2017-06-03,03:22:44,-0400,824797212425191425,alt_uscis,ALT-immigration ğŸ›‚,,Jesus turned water into wine. Moses split the seas. 2 Penguins walked from Antarctica to get on arc: WE BELIEVE. Climate change: HOAX!! MAGA,en,[],[],[],32,394,1162,[],[],https://twitter.com/ALT_uscis/status/870903561646944256,,,0,,,,,,,,"{'user_id': None, 'username': None}",,,,
870453003442151425,870453003442151425,2017-06-01 21:32:22 Eastern Daylight Time,2017-06-01,21:32:22,-0400,60317232,theoptionoracle,"AJ Monte, CMT",,Let this sink in for a moment. Then Retweet #climatechangehoax to expose the truth.  https://t.co/AbjWPxiy3N,en,[],[],['https://pbs.twimg.com/media/DBR4YzvWAAACo9f.jpg'],32,403,347,['climatechangehoax'],[],https://twitter.com/theoptionoracle/status/870453003442151425,,,1,https://pbs.twimg.com/media/DBR4YzvWAAACo9f.jpg,,,,,,,"{'user_id': None, 'username': None}",,,,
870084653478289408,870084653478289408,2017-05-31 21:08:41 Eastern Daylight Time,2017-05-31,21:08:41,-0400,3308357074,magagunslinger,American Gunslinger,,"ğŸš¨ #ParisAgreementğŸš¨  YES, It's all about the money when it comes to #climatechange #globalwarming #climatechangehoax #maga #AmericaFirst  https://t.co/xgrxA4QCUd",en,[],[],['https://pbs.twimg.com/media/DBMpIEVUAAArITm.jpg'],98,825,673,"['parisagreement', 'climatechange', 'globalwarming', 'climatechangehoax', 'maga', 'americafirst']",[],https://twitter.com/MAGAGunslinger/status/870084653478289408,,,1,https://pbs.twimg.com/media/DBMpIEVUAAArITm.jpg,,,,,,,"{'user_id': None, 'username': None}",,,,
869985848120528899,869985848120528899,2017-05-31 14:36:04 Eastern Daylight Time,2017-05-31,14:36:04,-0400,3308357074,magagunslinger,American Gunslinger,,ğŸ’²500 BILLIONğŸ¸  #ParisAgreement = $500B 1st-World gives to Poor Nations (Tyrannies).  #MAGA #ClimateChange #Climatechangehoax #AmericaFirst  https://t.co/9GxWBvA1jG,en,[],[],['https://pbs.twimg.com/media/DBLPNsQVwAA-QaX.jpg'],50,266,230,"['parisagreement', 'maga', 'climatechange', 'climatechangehoax', 'americafirst']",[],https://twitter.com/MAGAGunslinger/status/869985848120528899,,,1,https://pbs.twimg.com/media/DBLPNsQVwAA-QaX.jpg,,,,,,,"{'user_id': None, 'username': None}",,,,
858320995542736897,858320995542736897,2017-04-29 10:04:06 Eastern Daylight Time,2017-04-29,10:04:06,-0400,127941629,grrrgraphics,GrrrGraphics Cartoons,,#climatemarch make it easier on yourselves &amp; just mail #ALGore a check #BenGarrison #Cartoons #ClimateChangeHoax    https://t.co/Oj98iIxEAZ  https://t.co/yRjEtamJir,en,[],['http://www.grrrgraphics.com'],['https://pbs.twimg.com/media/C-leOtzVwAA2baN.jpg'],30,357,471,"['climatemarch', 'algore', 'bengarrison', 'cartoons', 'climatechangehoax']",[],https://twitter.com/GrrrGraphics/status/858320995542736897,,,1,https://pbs.twimg.com/media/C-leOtzVwAA2baN.jpg,,,,,,,"{'user_id': None, 'username': None}",,,,
808364158957875201,808364158957875201,2016-12-12 12:33:28 Eastern Standard Time,2016-12-12,12:33:28,-0400,70736359,ed_hawkins,Ed Hawkins,,The world's glaciers are shrinking. They must be in on the climate change hoax too.  https://t.co/05YXeW831q  https://t.co/73Cn1fUvKJ,en,[],['http://www.nature.com/ngeo/journal/vaop/ncurrent/full/ngeo2863.html'],['https://pbs.twimg.com/media/Czfim7wWQAEQ1iy.jpg'],31,407,298,[],[],https://twitter.com/ed_hawkins/status/808364158957875201,,,1,https://pbs.twimg.com/media/Czfim7wWQAEQ1iy.jpg,,,,,,,"{'user_id': None, 'username': None}",,,,
794029599650881536,794029599650881536,2016-11-03 00:13:03 Eastern Daylight Time,2016-11-03,00:13:03,-0400,33276161,johnfugelsang,John Fugelsang,,&amp; Donald Trump wants you know this proves NASA's part of that whole Chinese climate change hoax.  https://t.co/Mc7346asP1,en,[],['https://twitter.com/CNN/status/793971403829739520'],[],15,306,390,[],[],https://twitter.com/JohnFugelsang/status/794029599650881536,,https://twitter.com/CNN/status/793971403829739520,0,,,,,,,,"{'user_id': None, 'username': None}",,,,
785979714988937217,785979714988937217,2016-10-11 19:05:41 Eastern Daylight Time,2016-10-11,19:05:41,-0400,347627434,lindasuhler,"Linda Suhler, PhD (Text TRUMP to 88022)",,"#ClimateChangeHoax is a regulatory vehicle by which globalists are transferring TRILLIONS from YOU, to THEM. Of course Hillary loves it.",en,[],[],[],8,211,175,['climatechangehoax'],[],https://twitter.com/LindaSuhler/status/785979714988937217,,,0,,,,,,,,"{'user_id': None, 'username': None}",,,,
780577337104621568,780577337104621568,2016-09-26 21:18:34 Eastern Daylight Time,2016-09-26,21:18:34,-0400,749640119766966272,politifactlive,PolitiFact Live,,LIVE FACT-CHECK: Clinton mostly right on Trump climate change hoax line.  https://t.co/gbhjG2qDi3  https://t.co/uYBnsIiBCZ,en,[],['http://bit.ly/1UoyMvN'],['https://pbs.twimg.com/media/CtUq4JvXgAAOVFx.jpg'],7,616,398,[],[],https://twitter.com/politifactlive/status/780577337104621568,,,1,https://pbs.twimg.com/media/CtUq4JvXgAAOVFx.jpg,,,,,,,"{'user_id': None, 'username': None}",,,,
780577336504836096,780577336504836096,2016-09-26 21:18:34 Eastern Daylight Time,2016-09-26,21:18:34,-0400,8953122,politifact,PolitiFact,,LIVE FACT-CHECK: Clinton mostly right on Trump climate change hoax line.  https://t.co/yNm7MTLbV1  https://t.co/hmwTo21WVN,en,[],['http://bit.ly/1UoyMvN'],['https://pbs.twimg.com/media/CtUq4G4WIAA_j2V.jpg'],12,1727,1223,[],[],https://twitter.com/PolitiFact/status/780577336504836096,,,1,https://pbs.twimg.com/media/CtUq4G4WIAA_j2V.jpg,,,,,,,"{'user_id': None, 'username': None}",,,,
676035213303152641,676035213303152641,2015-12-13 08:45:29 Eastern Standard Time,2015-12-13,08:45:29,-0400,11866582,lolgop,LOLGOP,,Aren't you Republicans even a little impressed that Obama got the whole world to go along with his climate change hoax?,en,[],[],[],28,300,446,[],[],https://twitter.com/LOLGOP/status/676035213303152641,,,0,,,,,,,,"{'user_id': None, 'username': None}",,,,
675847196231786496,675847196231786496,2015-12-12 20:18:22 Eastern Standard Time,2015-12-12,20:18:22,-0400,11866582,lolgop,LOLGOP,,Aren't Republicans even a little impressed that Obama got the whole world to go along with his climate change hoax?,en,[],[],[],18,351,537,[],[],https://twitter.com/LOLGOP/status/675847196231786496,,,0,,,,,,,,"{'user_id': None, 'username': None}",,,,
675164906493190145,675164906493190145,2015-12-10 23:07:12 Eastern Standard Time,2015-12-10,23:07:12,-0400,347627434,lindasuhler,"Linda Suhler, PhD (Text TRUMP to 88022)",,"File under ""Can't make this crap up""  #RadicalIslam #DeathCult #Obama #ClimateChangeHoax  #tcot  https://t.co/mG2iSOIDde",en,[],[],['https://pbs.twimg.com/media/CV6q54RWsAEiyWf.jpg'],36,482,374,"['radicalislam', 'deathcult', 'obama', 'climatechangehoax', 'tcot']",[],https://twitter.com/LindaSuhler/status/675164906493190145,,,1,https://pbs.twimg.com/media/CV6q54RWsAEiyWf.jpg,,,,,,,"{'user_id': None, 'username': None}",,,,
604012957127704576,604012957127704576,2015-05-28 15:54:45 Eastern Daylight Time,2015-05-28,15:54:45,-0400,347627434,lindasuhler,"Linda Suhler, PhD (Text TRUMP to 88022)",,Obama's Screwed Up Priorities!  #JunkScience #RadicalIslam #WakeUpAmerica #ClimateChangeHoax  #SisterPatriots #PJNET  http://t.co/aBisqn2QFo,en,[],[],['https://pbs.twimg.com/media/CGHilXPU4AA2qWN.jpg'],21,239,111,"['junkscience', 'radicalislam', 'wakeupamerica', 'climatechangehoax', 'sisterpatriots', 'pjnet']",[],https://twitter.com/LindaSuhler/status/604012957127704576,,,1,https://pbs.twimg.com/media/CGHilXPU4AA2qWN.jpg,,,,,,,"{'user_id': None, 'username': None}",,,,
566311214570299393,566311214570299393,2015-02-13 14:01:29 Eastern Standard Time,2015-02-13,14:01:29,-0400,140060120,davidpakmanshow,David Pakman Show,,Fox host had to 'give up her freedom' during a snow storm because of the climate change 'hoax'  http://t.co/UcY4zq35xx,en,[],['http://ow.ly/J129x'],[],6,272,10,[],[],https://twitter.com/davidpakmanshow/status/566311214570299393,,,0,,,,,,,,"{'user_id': None, 'username': None}",,,,
513720756627599360,513720756627599360,2014-09-21 12:05:47 Eastern Daylight Time,2014-09-21,12:05:47,-0400,16906137,pourmecoffee,pourmecoffee,,"All of these scientists are in on the climate change hoax, because it's so easy to get scientists to agree on stuff  http://t.co/6Cp2o7StrI",en,[],[],['https://pbs.twimg.com/media/ByEaTirIYAEPZwu.jpg'],13,227,163,[],[],https://twitter.com/pourmecoffee/status/513720756627599360,,,1,https://pbs.twimg.com/media/ByEaTirIYAEPZwu.jpg,,,,,,,"{'user_id': None, 'username': None}",,,,
